Workbook
Name CostFactor: Assumptions!$B$6
Name DenialRate: Assumptions!$B$10
Name SearchRatio: Assumptions!$B$7
Name TA_ID: Assumptions!$A$35:$A$36
Name TA_Start: Assumptions!$B$35:$B$36
Name TAOAShare: Assumptions!$B$11
Name UniqueCtrl: Assumptions!$B$8
Name UniqueOA: Assumptions!$B$9

Sheet README
A1: RLUL demonstration dataset: data provenance
A3: What this workbook is
A4: It documents where every value in RLUL_demo.db comes from. Costs are real published data; usage values are modelled from fixed rules.
A5: The database supports my MLIS capstone (UCD, IS41160, submitted August 2026) on a subscription evaluation framework for a fictional Irish academic library, River Liffey University Library (RLUL).
A7: Reconstruction note
A8: The working file used to generate the modelled usage in summer 2026 was not kept. This workbook was rebuilt in October 2026 by re-deriving the generation rules from the database.
A9: The Checks sheet confirms that the rules reproduce all 36 cost values, all 40 counter_usage rows and all 144 faculty_usage rows exactly.
A11: Real vs modelled
A12: REAL: annual subscription costs, from the University of Alberta Library Subscription Expenditures Dataset 2022-2024 (https://doi.org/10.7939/DVN/10844, CC BY 4.0), scaled to a 14,000-FTE library and converted to EUR.
A13: MODELLED: usage volumes, COUNTER field ratios, open access split on TA platforms and faculty attribution. No Irish academic library publishes database-level usage reports, so these values are illustrative and follow the COUNTER Release 5.1 structure.
A15: Sheets
A16: Assumptions - every modelling parameter in one place (blue cells can be changed)
... A27: Usage figures, faculty shares and the 25% open access share are assumptions chosen to demonstrate the framework (for example, Project MUSE is concentrated in Arts and Humanities so the Discipline Safeguard has a case to catch). They are not empirical findings.

Sheet Assumptions
A1: Modelling assumptions
A2: Blue = input you can change. Every derived value in the other sheets points back to these cells.
A3: Parameter | B3: Value | C3: Source / note
A4: Cost scale factor (RLUL FTE / UAlberta FTE) | B4: 0.35 | C4: Modelled RLUL 14,000 FTE / UAlberta 40,000 FTE (thesis section 6.6)
A5: CAD to EUR exchange rate | B5: 0.68 | C5: Average 2023-2024 rate (thesis section 6.6)
A6: Combined cost factor | B6: =ROUND(B4*B5,3) -> 0.238 | C6: Formula: scale factor x exchange rate = 0.238
A7: Searches per item request | B7: 2 | C7: Modelled: searches_regular = 2 x total_item_requests
A8: Unique / total item requests (Controlled) | B8: 0.8 | C8: Modelled ratio
A9: Unique / total item requests (OA_Gold) | B9: 0.85 | C9: Modelled ratio (open content assumed slightly less repeat use)
A10: Access denials (no_license) as share of searches, Controlled | B10: 0.01 | C10: Modelled; OA_Gold rows have no denials
A11: OA_Gold share of usage on TA platforms, from TA start year | B11: 0.25 | C11: Modelled; applied to Wiley and Cochrane from 2023
A12: Rounding rule | B12: Round half to even | C12: Ties (x.5) go to the nearest even integer, e.g. 796.5 -> 796. This reproduces every stored value.
A15: Faculty attribution shares (faculty_usage)
A16: Profile | B16: SCI | C16: BUS | D16: EHS | E16: AHSS | F16: Total | G16: Note
A17: BASELINE | B17: 0.3 | C17: 0.25 | D17: 0.2 | E17: 0.25 | F17: =SUM(B17:E17) -> 1 | G17: Used for the 7 non-focal platforms; rounded FTE shares (see FTE check below)
A18: SCOPUS | B18: 0.72 | C18: 0.1 | D18: 0.12 | E18: 0.06 | F18: =SUM(B18:E18) -> 1 | G18: Focal: science-heavy
A19: WOS | B19: 0.7 | C19: 0.12 | D19: 0.1 | E19: 0.08 | F19: =SUM(B19:E19) -> 1 | G19: Focal: science-heavy
A20: EMERALD | B20: 0.08 | C20: 0.68 | D20: 0.08 | E20: 0.16 | F20: =SUM(B20:E20) -> 1 | G20: Focal: business
A21: COCHRANE | B21: 0.15 | C21: 0.05 | D21: 0.75 | E21: 0.05 | F21: =SUM(B21:E21) -> 1 | G21: Focal: health
A22: PROJECT_MUSE | B22: 0.05 | C22: 0.08 | D22: 0.1 | E22: 0.77 | F22: =SUM(B22:E22) -> 1 | G22: Focal: humanities; triggers the Discipline Safeguard
A23: Attribution rule: SCI, BUS and EHS = platform total x share (rounded); AHSS = remainder, so the four faculties always add up to the platform total.
A25: FTE check (faculty table)
A26: Faculty | B26: FTE students | C26: FTE share | D26: Baseline share used
A27: SCI | B27: 4100 | C27: =B27/SUM($B$27:$B$30) -> 0.29285714 | D27: =INDEX($B$17:$E$17,MATCH(A27,$B$16:$E$16,0)) -> 0.3
A28: BUS | B28: 3400 | C28: =B28/SUM($B$27:$B$30) -> 0.24285714 | D28: =INDEX($B$17:$E$17,MATCH(A28,$B$16:$E$16,0)) -> 0.25
A29: EHS | B29: 2800 | C29: =B29/SUM($B$27:$B$30) -> 0.2 | D29: =INDEX($B$17:$E$17,MATCH(A29,$B$16:$E$16,0)) -> 0.2
A30: AHSS | B30: 3700 | C30: =B30/SUM($B$27:$B$30) -> 0.26428571 | D30: =INDEX($B$17:$E$17,MATCH(A30,$B$16:$E$16,0)) -> 0.25
A31: Total | B31: =SUM(B27:B30) -> 14000
A33: Transformative agreements (ta_transition)
A34: database_id | B34: TA start year
A35: WILEY | B35: 2023
A36: COCHRANE | B36: 2023

Sheet Cost_Source
A1: Annual cost: real source data
A2: Source: University of Alberta Library Subscription Expenditures Dataset 2022-2024, https://doi.org/10.7939/DVN/10844 (CC BY 4.0). Files: UAL_Serials_Expenditures_2022.xlsx, UAL_Subscription_Expenditures_2023.xlsx, UAL_Subscription_Expenditures_2024.xlsx
A3: database_id | B3: database_name | C3: UAlberta source title | D3: CAD paid 2022 | E3: CAD paid 2023 | F3: CAD paid 2024 | G3: EUR 2022 (modelled) | H3: EUR 2023 (modelled) | I3: EUR 2024 (modelled) | J3: In database 2022 | K3: In database 2023 | L3: In database 2024 | M3: Match
A4: SCOPUS | B4: Scopus | C4: Scopus | D4: 153111.25 | E4: 166237.65 | F4: 169065.22 | G4: =ROUND(D4*CostFactor,0) -> 36440 | H4: =ROUND(E4*CostFactor,0) -> 39565 | I4: =ROUND(F4*CostFactor,0) -> 40238 | J4: 36440 | K4: 39565 | L4: 40238 | M4: =AND(G4=J4,H4=K4,I4=L4) -> TRUE
A5: WOS | B5: Web of Science | C5: Web of Science (2023 "API Expanded" add-on excluded) | D5: 247290.51 | E5: 267817.5 | F5: 275664.06 | G5: =ROUND(D5*CostFactor,0) -> 58855 | H5: =ROUND(E5*CostFactor,0) -> 63741 | I5: =ROUND(F5*CostFactor,0) -> 65608 | J5: 58855 | K5: 63741 | L5: 65608 | M5: =AND(G5=J5,H5=K5,I5=L5) -> TRUE
A6: ACM | B6: ACM Digital Library | C6: ACM Digital Library | D6: 6558.05 | E6: 7178.62 | F6: 7612.77 | G6: =ROUND(D6*CostFactor,0) -> 1561 | H6: =ROUND(E6*CostFactor,0) -> 1709 | I6: =ROUND(F6*CostFactor,0) -> 1812 | J6: 1561 | K6: 1709 | L6: 1812 | M6: =AND(G6=J6,H6=K6,I6=L6) -> TRUE
A7: SPRINGER | B7: SpringerLINK | C7: SpringerLINK | D7: 791220.03 | E7: 844702.41 | F7: 880739.64 | G7: =ROUND(D7*CostFactor,0) -> 188310 | H7: =ROUND(E7*CostFactor,0) -> 201039 | I7: =ROUND(F7*CostFactor,0) -> 209616 | J7: 188310 | K7: 201039 | L7: 209616 | M7: =AND(G7=J7,H7=K7,I7=L7) -> TRUE
A8: WILEY | B8: Wiley Blackwell Online Journals | C8: Wiley Blackwell Online Journals | D8: 1082625.7 | E8: 1180990.5 | F8: 1202781.3 | G8: =ROUND(D8*CostFactor,0) -> 257665 | H8: =ROUND(E8*CostFactor,0) -> 281076 | I8: =ROUND(F8*CostFactor,0) -> 286262 | J8: 257665 | K8: 281076 | L8: 286262 | M8: =AND(G8=J8,H8=K8,I8=L8) -> TRUE
A9: NATURE | B9: Nature Journals Customized | C9: Nature Journals. Customized. Payments. | D9: 266338.38 | E9: 450941.37 | F9: 474113.49 | G9: =ROUND(D9*CostFactor,0) -> 63389 | H9: =ROUND(E9*CostFactor,0) -> 107324 | I9: =ROUND(F9*CostFactor,0) -> 112839 | J9: 63389 | K9: 107324 | L9: 112839 | M9: =AND(G9=J9,H9=K9,I9=L9) -> TRUE
A10: EMERALD | B10: Emerald Premier EJournals | C10: Emerald Premier EJournals | D10: 58120.31 | E10: 60622.6 | F10: 62144.05 | G10: =ROUND(D10*CostFactor,0) -> 13833 | H10: =ROUND(E10*CostFactor,0) -> 14428 | I10: =ROUND(F10*CostFactor,0) -> 14790 | J10: 13833 | K10: 14428 | L10: 14790 | M10: =AND(G10=J10,H10=K10,I10=L10) -> TRUE
A11: COCHRANE | B11: Cochrane Library | C11: Cochrane Library | D11: 10636.81 | E11: 11709.98 | F11: 11341.56 | G11: =ROUND(D11*CostFactor,0) -> 2532 | H11: =ROUND(E11*CostFactor,0) -> 2787 | I11: =ROUND(F11*CostFactor,0) -> 2699 | J11: 2532 | K11: 2787 | L11: 2699 | M11: =AND(G11=J11,H11=K11,I11=L11) -> TRUE
A12: JSTOR | B12: JSTOR Archival Journals | C12: JSTOR Collections Archive (2022-23) / JSTOR Archival Journals and Primary Sources Collection (2024) | D12: 4733.66 | E12: 5180.54 | F12: 5205.86 | G12: =ROUND(D12*CostFactor,0) -> 1127 | H12: =ROUND(E12*CostFactor,0) -> 1233 | I12: =ROUND(F12*CostFactor,0) -> 1239 | J12: 1127 | K12: 1233 | L12: 1239 | M12: =AND(G12=J12,H12=K12,I12=L12) -> TRUE
A13: PROJECT_MUSE | B13: Project Muse Premium | C13: Project Muse Premium | D13: 61268.88 | E13: 67288.24 | F13: 69453.1 | G13: =ROUND(D13*CostFactor,0) -> 14582 | H13: =ROUND(E13*CostFactor,0) -> 16015 | I13: =ROUND(F13*CostFactor,0) -> 16530 | J13: 14582 | K13: 16015 | L13: 16530 | M13: =AND(G13=J13,H13=K13,I13=L13) -> TRUE
A14: DOAJ | B14: Directory of Open Access Journals | C14: DOAJ membership not used (CAD 16,875.50 in 2022, blank 2023-24): modelled as a no-cost OA resource | D14: 0 | E14: 0 | F14: 0 | G14: =ROUND(D14*CostFactor,0) -> 0 | H14: =ROUND(E14*CostFactor,0) -> 0 | I14: =ROUND(F14*CostFactor,0) -> 0 | J14: 0 | K14: 0 | L14: 0 | M14: =AND(G14=J14,H14=K14,I14=L14) -> TRUE
A15: OXFORD_HB | B15: Oxford Handbooks Online | C15: Oxford Handbooks Online: sum of 5 subject collections (see table below) | D15: =SUM(D21:D25) -> 16998.56 | E15: =SUM(E21:E25) -> 9972.35 | F15: =SUM(F21:F25) -> 7526.4 | G15: =ROUND(D15*CostFactor,0) -> 4046 | H15: =ROUND(E15*CostFactor,0) -> 2373 | I15: =ROUND(F15*CostFactor,0) -> 1791 | J15: 4046 | K15: 2373 | L15: 1791 | M15: =AND(G15=J15,H15=K15,I15=L15) -> TRUE
B16: Total (12 platforms) | D16: =SUM(D4:D15) -> 2698902.1 | E16: =SUM(E4:E15) -> 3072641.8 | F16: =SUM(F4:F15) -> 3165647.4 | G16: =SUM(G4:G15) -> 642340 | H16: =SUM(H4:H15) -> 731290 | I16: =SUM(I4:I15) -> 753424 | J16: =SUM(J4:J15) -> 642340 | K16: =SUM(K4:K15) -> 731290 | L16: =SUM(L4:L15) -> 753424
B17: Thesis section 8.3 quotes CAD 3,165,647 (2024) and about EUR 753,400 for the 12 platforms.
A19: Oxford Handbooks Online components
B20: Subject collection | C20: UAlberta source title | D20: CAD paid 2022 | E20: CAD paid 2023 | F20: CAD paid 2024
B21: History | C21: Oxford Handbooks Online: History | D21: 2637.78 | E21: 2020.87 | F21: 604.8
B22: Philosophy | C22: Oxford Handbooks Online: Philosophy | D22: 3402.98 | E22: 1480.61 | F22: 1617.6
B23: Political Science | C23: Oxford Handbooks Online: Political Science | D23: 6611.71 | E23: 2177.42 | F23: 1974.4
B24: Psychology | C24: Oxford Handbooks Online: Psychology | D24: 2414.49 | E24: 3787.98 | F24: 2579.2
B25: Sociology | C25: Oxford Handbooks Online: Sociology | D25: 1931.6 | E25: 505.47 | F25: 750.4

Sheet Usage_Base
A1: Base usage volumes (modelling inputs)
A2: Illustrative total item requests per platform and year. Modest growth for most platforms; Oxford Handbooks declines in line with its falling cost; Nature is held flat as a control.
A3: database_id | B3: report_year | C3: Base total_item_requests | D3: Change vs previous year | E3: TA active?
A4: SCOPUS | B4: 2022 | C4: 15200 | D4: - | E4: =IF(COUNTIFS(TA_ID,A4,TA_Start,"<="&B4)>0,"Yes","No") -> No
A5: SCOPUS | B5: 2023 | C5: 15800 | D5: =C5/C4-1 -> 0.039473684 | E5: =IF(COUNTIFS(TA_ID,A5,TA_Start,"<="&B5)>0,"Yes","No") -> No
A6: SCOPUS | B6: 2024 | C6: 16000 | D6: =C6/C5-1 -> 0.012658228 | E6: =IF(COUNTIFS(TA_ID,A6,TA_Start,"<="&B6)>0,"Yes","No") -> No
A7: WOS | B7: 2022 | C7: 19700 | D7: - | E7: =IF(COUNTIFS(TA_ID,A7,TA_Start,"<="&B7)>0,"Yes","No") -> No
A8: WOS | B8: 2023 | C8: 20300 | D8: =C8/C7-1 -> 0.030456853 | E8: =IF(COUNTIFS(TA_ID,A8,TA_Start,"<="&B8)>0,"Yes","No") -> No
A9: WOS | B9: 2024 | C9: 20700 | D9: =C9/C8-1 -> 0.019704433 | E9: =IF(COUNTIFS(TA_ID,A9,TA_Start,"<="&B9)>0,"Yes","No") -> No
A10: ACM | B10: 2022 | C10: 780 | D10: - | E10: =IF(COUNTIFS(TA_ID,A10,TA_Start,"<="&B10)>0,"Yes","No") -> No
A11: ACM | B11: 2023 | C11: 850 | D11: =C11/C10-1 -> 0.08974359 | E11: =IF(COUNTIFS(TA_ID,A11,TA_Start,"<="&B11)>0,"Yes","No") -> No
A12: ACM | B12: 2024 | C12: 910 | D12: =C12/C11-1 -> 0.070588235 | E12: =IF(COUNTIFS(TA_ID,A12,TA_Start,"<="&B12)>0,"Yes","No") -> No
A13: SPRINGER | B13: 2022 | C13: 52800 | D13: - | E13: =IF(COUNTIFS(TA_ID,A13,TA_Start,"<="&B13)>0,"Yes","No") -> No
A14: SPRINGER | B14: 2023 | C14: 54900 | D14: =C14/C13-1 -> 0.039772727 | E14: =IF(COUNTIFS(TA_ID,A14,TA_Start,"<="&B14)>0,"Yes","No") -> No
A15: SPRINGER | B15: 2024 | C15: 56400 | D15: =C15/C14-1 -> 0.027322404 | E15: =IF(COUNTIFS(TA_ID,A15,TA_Start,"<="&B15)>0,"Yes","No") -> No
A16: WILEY | B16: 2022 | C16: 52000 | D16: - | E16: =IF(COUNTIFS(TA_ID,A16,TA_Start,"<="&B16)>0,"Yes","No") -> No
A17: WILEY | B17: 2023 | C17: 53100 | D17: =C17/C16-1 -> 0.021153846 | E17: =IF(COUNTIFS(TA_ID,A17,TA_Start,"<="&B17)>0,"Yes","No") -> Yes
A18: WILEY | B18: 2024 | C18: 53900 | D18: =C18/C17-1 -> 0.015065913 | E18: =IF(COUNTIFS(TA_ID,A18,TA_Start,"<="&B18)>0,"Yes","No") -> Yes
A19: NATURE | B19: 2022 | C19: 14800 | D19: - | E19: =IF(COUNTIFS(TA_ID,A19,TA_Start,"<="&B19)>0,"Yes","No") -> No
A20: NATURE | B20: 2023 | C20: 14800 | D20: =C20/C19-1 -> 0 | E20: =IF(COUNTIFS(TA_ID,A20,TA_Start,"<="&B20)>0,"Yes","No") -> No
A21: NATURE | B21: 2024 | C21: 14800 | D21: =C21/C20-1 -> 0 | E21: =IF(COUNTIFS(TA_ID,A21,TA_Start,"<="&B21)>0,"Yes","No") -> No
A22: EMERALD | B22: 2022 | C22: 4400 | D22: - | E22: =IF(COUNTIFS(TA_ID,A22,TA_Start,"<="&B22)>0,"Yes","No") -> No
A23: EMERALD | B23: 2023 | C23: 4530 | D23: =C23/C22-1 -> 0.029545455 | E23: =IF(COUNTIFS(TA_ID,A23,TA_Start,"<="&B23)>0,"Yes","No") -> No
A24: EMERALD | B24: 2024 | C24: 4650 | D24: =C24/C23-1 -> 0.026490066 | E24: =IF(COUNTIFS(TA_ID,A24,TA_Start,"<="&B24)>0,"Yes","No") -> No
A25: COCHRANE | B25: 2022 | C25: 1580 | D25: - | E25: =IF(COUNTIFS(TA_ID,A25,TA_Start,"<="&B25)>0,"Yes","No") -> No
A26: COCHRANE | B26: 2023 | C26: 1650 | D26: =C26/C25-1 -> 0.044303797 | E26: =IF(COUNTIFS(TA_ID,A26,TA_Start,"<="&B26)>0,"Yes","No") -> Yes
A27: COCHRANE | B27: 2024 | C27: 1700 | D27: =C27/C26-1 -> 0.03030303 | E27: =IF(COUNTIFS(TA_ID,A27,TA_Start,"<="&B27)>0,"Yes","No") -> Yes
A28: JSTOR | B28: 2022 | C28: 540 | D28: - | E28: =IF(COUNTIFS(TA_ID,A28,TA_Start,"<="&B28)>0,"Yes","No") -> No
A29: JSTOR | B29: 2023 | C29: 570 | D29: =C29/C28-1 -> 0.055555556 | E29: =IF(COUNTIFS(TA_ID,A29,TA_Start,"<="&B29)>0,"Yes","No") -> No
A30: JSTOR | B30: 2024 | C30: 590 | D30: =C30/C29-1 -> 0.035087719 | E30: =IF(COUNTIFS(TA_ID,A30,TA_Start,"<="&B30)>0,"Yes","No") -> No
A31: PROJECT_MUSE | B31: 2022 | C31: 1750 | D31: - | E31: =IF(COUNTIFS(TA_ID,A31,TA_Start,"<="&B31)>0,"Yes","No") -> No
A32: PROJECT_MUSE | B32: 2023 | C32: 1810 | D32: =C32/C31-1 -> 0.034285714 | E32: =IF(COUNTIFS(TA_ID,A32,TA_Start,"<="&B32)>0,"Yes","No") -> No
A33: PROJECT_MUSE | B33: 2024 | C33: 1840 | D33: =C33/C32-1 -> 0.016574586 | E33: =IF(COUNTIFS(TA_ID,A33,TA_Start,"<="&B33)>0,"Yes","No") -> No
A34: DOAJ | B34: 2022 | C34: 4800 | D34: - | E34: =IF(COUNTIFS(TA_ID,A34,TA_Start,"<="&B34)>0,"Yes","No") -> No
A35: DOAJ | B35: 2023 | C35: 4950 | D35: =C35/C34-1 -> 0.03125 | E35: =IF(COUNTIFS(TA_ID,A35,TA_Start,"<="&B35)>0,"Yes","No") -> No
A36: DOAJ | B36: 2024 | C36: 5100 | D36: =C36/C35-1 -> 0.03030303 | E36: =IF(COUNTIFS(TA_ID,A36,TA_Start,"<="&B36)>0,"Yes","No") -> No
A37: OXFORD_HB | B37: 2022 | C37: 570 | D37: - | E37: =IF(COUNTIFS(TA_ID,A37,TA_Start,"<="&B37)>0,"Yes","No") -> No
A38: OXFORD_HB | B38: 2023 | C38: 400 | D38: =C38/C37-1 -> -0.29824561 | E38: =IF(COUNTIFS(TA_ID,A38,TA_Start,"<="&B38)>0,"Yes","No") -> No
A39: OXFORD_HB | B39: 2024 | C39: 230 | D39: =C39/C38-1 -> -0.425 | E39: =IF(COUNTIFS(TA_ID,A39,TA_Start,"<="&B39)>0,"Yes","No") -> No

Sheet counter_usage
A1: counter_usage: rebuilt from rules
A2: Grey columns = values stored in RLUL_demo.db, shown only to check the rules reproduce them.
A3: database_id | B3: report_year | C3: access_type | D3: Base total (Usage_Base) | E3: TA active? | F3: Share of base | G3: total_item_requests | H3: searches_regular | I3: unique_item_requests | J3: no_license | K3: DB total_item_requests | L3: DB searches_regular | M3: DB unique_item_requests | N3: DB no_license | O3: Match
A4: SCOPUS | B4: 2022 | C4: Controlled | D4: =SUMIFS(Usage_Base!$C:$C,Usage_Base!$A:$A,A4,Usage_Base!$B:$B,B4) -> 15200 | E4: =IF(COUNTIFS(TA_ID,A4,TA_Start,"<="&B4)>0,"Yes","No") -> No | F4: =IF(E4="Yes",IF(C4="OA_Gold",TAOAShare,1-TAOAShare),1) -> 1 | G4: =IF(ROUND(MOD(D4*F4,1),9)=0.5,2*ROUND((D4*F4)/2,0),ROUND(D4*F4,0)) -> 15200 | H4: =G4*SearchRatio -> 30400 | I4: =IF(ROUND(MOD(G4*IF(C4="OA_Gold",UniqueOA,UniqueCtrl),1),9)=0.5,2*ROUND((G4*IF(C4="OA_Gold",UniqueOA,UniqueCtrl))/2,0),ROUND(G4*IF(C4="OA_Gold",UniqueOA,UniqueCtrl),0)) -> 12160 | J4: =IF(C4="OA_Gold",0,IF(ROUND(MOD(H4*DenialRate,1),9)=0.5,2*ROUND((H4*DenialRate)/2,0),ROUND(H4*DenialRate,0))) -> 304 | K4: 15200 | L4: 30400 | M4: 12160 | N4: 304 | O4: =AND(G4=K4,H4=L4,I4=M4,J4=N4) -> TRUE
A5: SCOPUS | B5: 2023 | C5: Controlled | D5: =SUMIFS(Usage_Base!$C:$C,Usage_Base!$A:$A,A5,Usage_Base!$B:$B,B5) -> 15800 | E5: =IF(COUNTIFS(TA_ID,A5,TA_Start,"<="&B5)>0,"Yes","No") -> No | F5: =IF(E5="Yes",IF(C5="OA_Gold",TAOAShare,1-TAOAShare),1) -> 1 | G5: =IF(ROUND(MOD(D5*F5,1),9)=0.5,2*ROUND((D5*F5)/2,0),ROUND(D5*F5,0)) -> 15800 | H5: =G5*SearchRatio -> 31600 | I5: =IF(ROUND(MOD(G5*IF(C5="OA_Gold",UniqueOA,UniqueCtrl),1),9)=0.5,2*ROUND((G5*IF(C5="OA_Gold",UniqueOA,UniqueCtrl))/2,0),ROUND(G5*IF(C5="OA_Gold",UniqueOA,UniqueCtrl),0)) -> 12640 | J5: =IF(C5="OA_Gold",0,IF(ROUND(MOD(H5*DenialRate,1),9)=0.5,2*ROUND((H5*DenialRate)/2,0),ROUND(H5*DenialRate,0))) -> 316 | K5: 15800 | L5: 31600 | M5: 12640 | N5: 316 | O5: =AND(G5=K5,H5=L5,I5=M5,J5=N5) -> TRUE
A6: SCOPUS | B6: 2024 | C6: Controlled | D6: =SUMIFS(Usage_Base!$C:$C,Usage_Base!$A:$A,A6,Usage_Base!$B:$B,B6) -> 16000 | E6: =IF(COUNTIFS(TA_ID,A6,TA_Start,"<="&B6)>0,"Yes","No") -> No | F6: =IF(E6="Yes",IF(C6="OA_Gold",TAOAShare,1-TAOAShare),1) -> 1 | G6: =IF(ROUND(MOD(D6*F6,1),9)=0.5,2*ROUND((D6*F6)/2,0),ROUND(D6*F6,0)) -> 16000 | H6: =G6*SearchRatio -> 32000 | I6: =IF(ROUND(MOD(G6*IF(C6="OA_Gold",UniqueOA,UniqueCtrl),1),9)=0.5,2*ROUND((G6*IF(C6="OA_Gold",UniqueOA,UniqueCtrl))/2,0),ROUND(G6*IF(C6="OA_Gold",UniqueOA,UniqueCtrl),0)) -> 12800 | J6: =IF(C6="OA_Gold",0,IF(ROUND(MOD(H6*DenialRate,1),9)=0.5,2*ROUND((H6*DenialRate)/2,0),ROUND(H6*DenialRate,0))) -> 320 | K6: 16000 | L6: 32000 | M6: 12800 | N6: 320 | O6: =AND(G6=K6,H6=L6,I6=M6,J6=N6) -> TRUE
A7: WOS | B7: 2022 | C7: Controlled | D7: =SUMIFS(Usage_Base!$C:$C,Usage_Base!$A:$A,A7,Usage_Base!$B:$B,B7) -> 19700 | E7: =IF(COUNTIFS(TA_ID,A7,TA_Start,"<="&B7)>0,"Yes","No") -> No | F7: =IF(E7="Yes",IF(C7="OA_Gold",TAOAShare,1-TAOAShare),1) -> 1 | G7: =IF(ROUND(MOD(D7*F7,1),9)=0.5,2*ROUND((D7*F7)/2,0),ROUND(D7*F7,0)) -> 19700 | H7: =G7*SearchRatio -> 39400 | I7: =IF(ROUND(MOD(G7*IF(C7="OA_Gold",UniqueOA,UniqueCtrl),1),9)=0.5,2*ROUND((G7*IF(C7="OA_Gold",UniqueOA,UniqueCtrl))/2,0),ROUND(G7*IF(C7="OA_Gold",UniqueOA,UniqueCtrl),0)) -> 15760 | J7: =IF(C7="OA_Gold",0,IF(ROUND(MOD(H7*DenialRate,1),9)=0.5,2*ROUND((H7*DenialRate)/2,0),ROUND(H7*DenialRate,0))) -> 394 | K7: 19700 | L7: 39400 | M7: 15760 | N7: 394 | O7: =AND(G7=K7,H7=L7,I7=M7,J7=N7) -> TRUE
A8: WOS | B8: 2023 | C8: Controlled | D8: =SUMIFS(Usage_Base!$C:$C,Usage_Base!$A:$A,A8,Usage_Base!$B:$B,B8) -> 20300 | E8: =IF(COUNTIFS(TA_ID,A8,TA_Start,"<="&B8)>0,"Yes","No") -> No | F8: =IF(E8="Yes",IF(C8="OA_Gold",TAOAShare,1-TAOAShare),1) -> 1 | G8: =IF(ROUND(MOD(D8*F8,1),9)=0.5,2*ROUND((D8*F8)/2,0),ROUND(D8*F8,0)) -> 20300 | H8: =G8*SearchRatio -> 40600 | I8: =IF(ROUND(MOD(G8*IF(C8="OA_Gold",UniqueOA,UniqueCtrl),1),9)=0.5,2*ROUND((G8*IF(C8="OA_Gold",UniqueOA,UniqueCtrl))/2,0),ROUND(G8*IF(C8="OA_Gold",UniqueOA,UniqueCtrl),0)) -> 16240 | J8: =IF(C8="OA_Gold",0,IF(ROUND(MOD(H8*DenialRate,1),9)=0.5,2*ROUND((H8*DenialRate)/2,0),ROUND(H8*DenialRate,0))) -> 406 | K8: 20300 | L8: 40600 | M8: 16240 | N8: 406 | O8: =AND(G8=K8,H8=L8,I8=M8,J8=N8) -> TRUE
A9: WOS | B9: 2024 | C9: Controlled | D9: =SUMIFS(Usage_Base!$C:$C,Usage_Base!$A:$A,A9,Usage_Base!$B:$B,B9) -> 20700 | E9: =IF(COUNTIFS(TA_ID,A9,TA_Start,"<="&B9)>0,"Yes","No") -> No | F9: =IF(E9="Yes",IF(C9="OA_Gold",TAOAShare,1-TAOAShare),1) -> 1 | G9: =IF(ROUND(MOD(D9*F9,1),9)=0.5,2*ROUND((D9*F9)/2,0),ROUND(D9*F9,0)) -> 20700 | H9: =G9*SearchRatio -> 41400 | I9: =IF(ROUND(MOD(G9*IF(C9="OA_Gold",UniqueOA,UniqueCtrl),1),9)=0.5,2*ROUND((G9*IF(C9="OA_Gold",UniqueOA,UniqueCtrl))/2,0),ROUND(G9*IF(C9="OA_Gold",UniqueOA,UniqueCtrl),0)) -> 16560 | J9: =IF(C9="OA_Gold",0,IF(ROUND(MOD(H9*DenialRate,1),9)=0.5,2*ROUND((H9*DenialRate)/2,0),ROUND(H9*DenialRate,0))) -> 414 | K9: 20700 | L9: 41400 | M9: 16560 | N9: 414 | O9: =AND(G9=K9,H9=L9,I9=M9,J9=N9) -> TRUE
A10: ACM | B10: 2022 | C10: Controlled | D10: =SUMIFS(Usage_Base!$C:$C,Usage_Base!$A:$A,A10,Usage_Base!$B:$B,B10) -> 780 | E10: =IF(COUNTIFS(TA_ID,A10,TA_Start,"<="&B10)>0,"Yes","No") -> No | F10: =IF(E10="Yes",IF(C10="OA_Gold",TAOAShare,1-TAOAShare),1) -> 1 | G10: =IF(ROUND(MOD(D10*F10,1),9)=0.5,2*ROUND((D10*F10)/2,0),ROUND(D10*F10,0)) -> 780 | H10: =G10*SearchRatio -> 1560 | I10: =IF(ROUND(MOD(G10*IF(C10="OA_Gold",UniqueOA,UniqueCtrl),1),9)=0.5,2*ROUND((G10*IF(C10="OA_Gold",UniqueOA,UniqueCtrl))/2,0),ROUND(G10*IF(C10="OA_Gold",UniqueOA,UniqueCtrl),0)) -> 624 | J10: =IF(C10="OA_Gold",0,IF(ROUND(MOD(H10*DenialRate,1),9)=0.5,2*ROUND((H10*DenialRate)/2,0),ROUND(H10*DenialRate,0))) -> 16 | K10: 780 | L10: 1560 | M10: 624 | N10: 16 | O10: =AND(G10=K10,H10=L10,I10=M10,J10=N10) -> TRUE
A11: ACM | B11: 2023 | C11: Controlled | D11: =SUMIFS(Usage_Base!$C:$C,Usage_Base!$A:$A,A11,Usage_Base!$B:$B,B11) -> 850 | E11: =IF(COUNTIFS(TA_ID,A11,TA_Start,"<="&B11)>0,"Yes","No") -> No | F11: =IF(E11="Yes",IF(C11="OA_Gold",TAOAShare,1-TAOAShare),1) -> 1 | G11: =IF(ROUND(MOD(D11*F11,1),9)=0.5,2*ROUND((D11*F11)/2,0),ROUND(D11*F11,0)) -> 850 | H11: =G11*SearchRatio -> 1700 | I11: =IF(ROUND(MOD(G11*IF(C11="OA_Gold",UniqueOA,UniqueCtrl),1),9)=0.5,2*ROUND((G11*IF(C11="OA_Gold",UniqueOA,UniqueCtrl))/2,0),ROUND(G11*IF(C11="OA_Gold",UniqueOA,UniqueCtrl),0)) -> 680 | J11: =IF(C11="OA_Gold",0,IF(ROUND(MOD(H11*DenialRate,1),9)=0.5,2*ROUND((H11*DenialRate)/2,0),ROUND(H11*DenialRate,0))) -> 17 | K11: 850 | L11: 1700 | M11: 680 | N11: 17 | O11: =AND(G11=K11,H11=L11,I11=M11,J11=N11) -> TRUE
A12: ACM | B12: 2024 | C12: Controlled | D12: =SUMIFS(Usage_Base!$C:$C,Usage_Base!$A:$A,A12,Usage_Base!$B:$B,B12) -> 910 | E12: =IF(COUNTIFS(TA_ID,A12,TA_Start,"<="&B12)>0,"Yes","No") -> No | F12: =IF(E12="Yes",IF(C12="OA_Gold",TAOAShare,1-TAOAShare),1) -> 1 | G12: =IF(ROUND(MOD(D12*F12,1),9)=0.5,2*ROUND((D12*F12)/2,0),ROUND(D12*F12,0)) -> 910 | H12: =G12*SearchRatio -> 1820 | I12: =IF(ROUND(MOD(G12*IF(C12="OA_Gold",UniqueOA,UniqueCtrl),1),9)=0.5,2*ROUND((G12*IF(C12="OA_Gold",UniqueOA,UniqueCtrl))/2,0),ROUND(G12*IF(C12="OA_Gold",UniqueOA,UniqueCtrl),0)) -> 728 | J12: =IF(C12="OA_Gold",0,IF(ROUND(MOD(H12*DenialRate,1),9)=0.5,2*ROUND((H12*DenialRate)/2,0),ROUND(H12*DenialRate,0))) -> 18 | K12: 910 | L12: 1820 | M12: 728 | N12: 18 | O12: =AND(G12=K12,H12=L12,I12=M12,J12=N12) -> TRUE
A13: SPRINGER | B13: 2022 | C13: Controlled | D13: =SUMIFS(Usage_Base!$C:$C,Usage_Base!$A:$A,A13,Usage_Base!$B:$B,B13) -> 52800 | E13: =IF(COUNTIFS(TA_ID,A13,TA_Start,"<="&B13)>0,"Yes","No") -> No | F13: =IF(E13="Yes",IF(C13="OA_Gold",TAOAShare,1-TAOAShare),1) -> 1 | G13: =IF(ROUND(MOD(D13*F13,1),9)=0.5,2*ROUND((D13*F13)/2,0),ROUND(D13*F13,0)) -> 52800 | H13: =G13*SearchRatio -> 105600 | I13: =IF(ROUND(MOD(G13*IF(C13="OA_Gold",UniqueOA,UniqueCtrl),1),9)=0.5,2*ROUND((G13*IF(C13="OA_Gold",UniqueOA,UniqueCtrl))/2,0),ROUND(G13*IF(C13="OA_Gold",UniqueOA,UniqueCtrl),0)) -> 42240 | J13: =IF(C13="OA_Gold",0,IF(ROUND(MOD(H13*DenialRate,1),9)=0.5,2*ROUND((H13*DenialRate)/2,0),ROUND(H13*DenialRate,0))) -> 1056 | K13: 52800 | L13: 105600 | M13: 42240 | N13: 1056 | O13: =AND(G13=K13,H13=L13,I13=M13,J13=N13) -> TRUE
A14: SPRINGER | B14: 2023 | C14: Controlled | D14: =SUMIFS(Usage_Base!$C:$C,Usage_Base!$A:$A,A14,Usage_Base!$B:$B,B14) -> 54900 | E14: =IF(COUNTIFS(TA_ID,A14,TA_Start,"<="&B14)>0,"Yes","No") -> No | F14: =IF(E14="Yes",IF(C14="OA_Gold",TAOAShare,1-TAOAShare),1) -> 1 | G14: =IF(ROUND(MOD(D14*F14,1),9)=0.5,2*ROUND((D14*F14)/2,0),ROUND(D14*F14,0)) -> 54900 | H14: =G14*SearchRatio -> 109800 | I14: =IF(ROUND(MOD(G14*IF(C14="OA_Gold",UniqueOA,UniqueCtrl),1),9)=0.5,2*ROUND((G14*IF(C14="OA_Gold",UniqueOA,UniqueCtrl))/2,0),ROUND(G14*IF(C14="OA_Gold",UniqueOA,UniqueCtrl),0)) -> 43920 | J14: =IF(C14="OA_Gold",0,IF(ROUND(MOD(H14*DenialRate,1),9)=0.5,2*ROUND((H14*DenialRate)/2,0),ROUND(H14*DenialRate,0))) -> 1098 | K14: 54900 | L14: 109800 | M14: 43920 | N14: 1098 | O14: =AND(G14=K14,H14=L14,I14=M14,J14=N14) -> TRUE
A15: SPRINGER | B15: 2024 | C15: Controlled | D15: =SUMIFS(Usage_Base!$C:$C,Usage_Base!$A:$A,A15,Usage_Base!$B:$B,B15) -> 56400 | E15: =IF(COUNTIFS(TA_ID,A15,TA_Start,"<="&B15)>0,"Yes","No") -> No | F15: =IF(E15="Yes",IF(C15="OA_Gold",TAOAShare,1-TAOAShare),1) -> 1 | G15: =IF(ROUND(MOD(D15*F15,1),9)=0.5,2*ROUND((D15*F15)/2,0),ROUND(D15*F15,0)) -> 56400 | H15: =G15*SearchRatio -> 112800 | I15: =IF(ROUND(MOD(G15*IF(C15="OA_Gold",UniqueOA,UniqueCtrl),1),9)=0.5,2*ROUND((G15*IF(C15="OA_Gold",UniqueOA,UniqueCtrl))/2,0),ROUND(G15*IF(C15="OA_Gold",UniqueOA,UniqueCtrl),0)) -> 45120 | J15: =IF(C15="OA_Gold",0,IF(ROUND(MOD(H15*DenialRate,1),9)=0.5,2*ROUND((H15*DenialRate)/2,0),ROUND(H15*DenialRate,0))) -> 1128 | K15: 56400 | L15: 112800 | M15: 45120 | N15: 1128 | O15: =AND(G15=K15,H15=L15,I15=M15,J15=N15) -> TRUE
... A43: OXFORD_HB | B43: 2024 | C43: Controlled | D43: =SUMIFS(Usage_Base!$C:$C,Usage_Base!$A:$A,A43,Usage_Base!$B:$B,B43) -> 230 | E43: =IF(COUNTIFS(TA_ID,A43,TA_Start,"<="&B43)>0,"Yes","No") -> No | F43: =IF(E43="Yes",IF(C43="OA_Gold",TAOAShare,1-TAOAShare),1) -> 1 | G43: =IF(ROUND(MOD(D43*F43,1),9)=0.5,2*ROUND((D43*F43)/2,0),ROUND(D43*F43,0)) -> 230 | H43: =G43*SearchRatio -> 460 | I43: =IF(ROUND(MOD(G43*IF(C43="OA_Gold",UniqueOA,UniqueCtrl),1),9)=0.5,2*ROUND((G43*IF(C43="OA_Gold",UniqueOA,UniqueCtrl))/2,0),ROUND(G43*IF(C43="OA_Gold",UniqueOA,UniqueCtrl),0)) -> 184 | J43: =IF(C43="OA_Gold",0,IF(ROUND(MOD(H43*DenialRate,1),9)=0.5,2*ROUND((H43*DenialRate)/2,0),ROUND(H43*DenialRate,0))) -> 5 | K43: 230 | L43: 460 | M43: 184 | N43: 5 | O43: =AND(G43=K43,H43=L43,I43=M43,J43=N43) -> TRUE

Sheet faculty_usage
A1: faculty_usage: rebuilt from rules
A2: SCI, BUS and EHS = platform total x share (rounded half to even); AHSS = remainder. Grey = value stored in RLUL_demo.db.
A3: database_id | B3: faculty_id | C3: report_year | D3: Platform total | E3: Share profile | F3: Share | G3: Rounded share of total | H3: attributed_requests | I3: DB attributed_requests | J3: Match
A4: SCOPUS | B4: SCI | C4: 2022 | D4: =SUMIFS(Usage_Base!$C:$C,Usage_Base!$A:$A,A4,Usage_Base!$B:$B,C4) -> 15200 | E4: =IF(COUNTIF(Assumptions!$A$18:$A$22,A4)>0,A4,"BASELINE") -> SCOPUS | F4: =INDEX(Assumptions!$B$17:$E$22,MATCH(E4,Assumptions!$A$17:$A$22,0),MATCH(B4,Assumptions!$B$16:$E$16,0)) -> 0.72 | G4: =IF(ROUND(MOD(D4*F4,1),9)=0.5,2*ROUND((D4*F4)/2,0),ROUND(D4*F4,0)) -> 10944 | H4: =IF(B4="AHSS",D4-SUMIFS($G:$G,$A:$A,A4,$C:$C,C4,$B:$B,"<>AHSS"),G4) -> 10944 | I4: 10944 | J4: =H4=I4 -> TRUE
A5: SCOPUS | B5: BUS | C5: 2022 | D5: =SUMIFS(Usage_Base!$C:$C,Usage_Base!$A:$A,A5,Usage_Base!$B:$B,C5) -> 15200 | E5: =IF(COUNTIF(Assumptions!$A$18:$A$22,A5)>0,A5,"BASELINE") -> SCOPUS | F5: =INDEX(Assumptions!$B$17:$E$22,MATCH(E5,Assumptions!$A$17:$A$22,0),MATCH(B5,Assumptions!$B$16:$E$16,0)) -> 0.1 | G5: =IF(ROUND(MOD(D5*F5,1),9)=0.5,2*ROUND((D5*F5)/2,0),ROUND(D5*F5,0)) -> 1520 | H5: =IF(B5="AHSS",D5-SUMIFS($G:$G,$A:$A,A5,$C:$C,C5,$B:$B,"<>AHSS"),G5) -> 1520 | I5: 1520 | J5: =H5=I5 -> TRUE
A6: SCOPUS | B6: EHS | C6: 2022 | D6: =SUMIFS(Usage_Base!$C:$C,Usage_Base!$A:$A,A6,Usage_Base!$B:$B,C6) -> 15200 | E6: =IF(COUNTIF(Assumptions!$A$18:$A$22,A6)>0,A6,"BASELINE") -> SCOPUS | F6: =INDEX(Assumptions!$B$17:$E$22,MATCH(E6,Assumptions!$A$17:$A$22,0),MATCH(B6,Assumptions!$B$16:$E$16,0)) -> 0.12 | G6: =IF(ROUND(MOD(D6*F6,1),9)=0.5,2*ROUND((D6*F6)/2,0),ROUND(D6*F6,0)) -> 1824 | H6: =IF(B6="AHSS",D6-SUMIFS($G:$G,$A:$A,A6,$C:$C,C6,$B:$B,"<>AHSS"),G6) -> 1824 | I6: 1824 | J6: =H6=I6 -> TRUE
A7: SCOPUS | B7: AHSS | C7: 2022 | D7: =SUMIFS(Usage_Base!$C:$C,Usage_Base!$A:$A,A7,Usage_Base!$B:$B,C7) -> 15200 | E7: =IF(COUNTIF(Assumptions!$A$18:$A$22,A7)>0,A7,"BASELINE") -> SCOPUS | F7: =INDEX(Assumptions!$B$17:$E$22,MATCH(E7,Assumptions!$A$17:$A$22,0),MATCH(B7,Assumptions!$B$16:$E$16,0)) -> 0.06 | G7: =IF(ROUND(MOD(D7*F7,1),9)=0.5,2*ROUND((D7*F7)/2,0),ROUND(D7*F7,0)) -> 912 | H7: =IF(B7="AHSS",D7-SUMIFS($G:$G,$A:$A,A7,$C:$C,C7,$B:$B,"<>AHSS"),G7) -> 912 | I7: 912 | J7: =H7=I7 -> TRUE
A8: SCOPUS | B8: SCI | C8: 2023 | D8: =SUMIFS(Usage_Base!$C:$C,Usage_Base!$A:$A,A8,Usage_Base!$B:$B,C8) -> 15800 | E8: =IF(COUNTIF(Assumptions!$A$18:$A$22,A8)>0,A8,"BASELINE") -> SCOPUS | F8: =INDEX(Assumptions!$B$17:$E$22,MATCH(E8,Assumptions!$A$17:$A$22,0),MATCH(B8,Assumptions!$B$16:$E$16,0)) -> 0.72 | G8: =IF(ROUND(MOD(D8*F8,1),9)=0.5,2*ROUND((D8*F8)/2,0),ROUND(D8*F8,0)) -> 11376 | H8: =IF(B8="AHSS",D8-SUMIFS($G:$G,$A:$A,A8,$C:$C,C8,$B:$B,"<>AHSS"),G8) -> 11376 | I8: 11376 | J8: =H8=I8 -> TRUE
A9: SCOPUS | B9: BUS | C9: 2023 | D9: =SUMIFS(Usage_Base!$C:$C,Usage_Base!$A:$A,A9,Usage_Base!$B:$B,C9) -> 15800 | E9: =IF(COUNTIF(Assumptions!$A$18:$A$22,A9)>0,A9,"BASELINE") -> SCOPUS | F9: =INDEX(Assumptions!$B$17:$E$22,MATCH(E9,Assumptions!$A$17:$A$22,0),MATCH(B9,Assumptions!$B$16:$E$16,0)) -> 0.1 | G9: =IF(ROUND(MOD(D9*F9,1),9)=0.5,2*ROUND((D9*F9)/2,0),ROUND(D9*F9,0)) -> 1580 | H9: =IF(B9="AHSS",D9-SUMIFS($G:$G,$A:$A,A9,$C:$C,C9,$B:$B,"<>AHSS"),G9) -> 1580 | I9: 1580 | J9: =H9=I9 -> TRUE
A10: SCOPUS | B10: EHS | C10: 2023 | D10: =SUMIFS(Usage_Base!$C:$C,Usage_Base!$A:$A,A10,Usage_Base!$B:$B,C10) -> 15800 | E10: =IF(COUNTIF(Assumptions!$A$18:$A$22,A10)>0,A10,"BASELINE") -> SCOPUS | F10: =INDEX(Assumptions!$B$17:$E$22,MATCH(E10,Assumptions!$A$17:$A$22,0),MATCH(B10,Assumptions!$B$16:$E$16,0)) -> 0.12 | G10: =IF(ROUND(MOD(D10*F10,1),9)=0.5,2*ROUND((D10*F10)/2,0),ROUND(D10*F10,0)) -> 1896 | H10: =IF(B10="AHSS",D10-SUMIFS($G:$G,$A:$A,A10,$C:$C,C10,$B:$B,"<>AHSS"),G10) -> 1896 | I10: 1896 | J10: =H10=I10 -> TRUE
A11: SCOPUS | B11: AHSS | C11: 2023 | D11: =SUMIFS(Usage_Base!$C:$C,Usage_Base!$A:$A,A11,Usage_Base!$B:$B,C11) -> 15800 | E11: =IF(COUNTIF(Assumptions!$A$18:$A$22,A11)>0,A11,"BASELINE") -> SCOPUS | F11: =INDEX(Assumptions!$B$17:$E$22,MATCH(E11,Assumptions!$A$17:$A$22,0),MATCH(B11,Assumptions!$B$16:$E$16,0)) -> 0.06 | G11: =IF(ROUND(MOD(D11*F11,1),9)=0.5,2*ROUND((D11*F11)/2,0),ROUND(D11*F11,0)) -> 948 | H11: =IF(B11="AHSS",D11-SUMIFS($G:$G,$A:$A,A11,$C:$C,C11,$B:$B,"<>AHSS"),G11) -> 948 | I11: 948 | J11: =H11=I11 -> TRUE
A12: SCOPUS | B12: SCI | C12: 2024 | D12: =SUMIFS(Usage_Base!$C:$C,Usage_Base!$A:$A,A12,Usage_Base!$B:$B,C12) -> 16000 | E12: =IF(COUNTIF(Assumptions!$A$18:$A$22,A12)>0,A12,"BASELINE") -> SCOPUS | F12: =INDEX(Assumptions!$B$17:$E$22,MATCH(E12,Assumptions!$A$17:$A$22,0),MATCH(B12,Assumptions!$B$16:$E$16,0)) -> 0.72 | G12: =IF(ROUND(MOD(D12*F12,1),9)=0.5,2*ROUND((D12*F12)/2,0),ROUND(D12*F12,0)) -> 11520 | H12: =IF(B12="AHSS",D12-SUMIFS($G:$G,$A:$A,A12,$C:$C,C12,$B:$B,"<>AHSS"),G12) -> 11520 | I12: 11520 | J12: =H12=I12 -> TRUE
A13: SCOPUS | B13: BUS | C13: 2024 | D13: =SUMIFS(Usage_Base!$C:$C,Usage_Base!$A:$A,A13,Usage_Base!$B:$B,C13) -> 16000 | E13: =IF(COUNTIF(Assumptions!$A$18:$A$22,A13)>0,A13,"BASELINE") -> SCOPUS | F13: =INDEX(Assumptions!$B$17:$E$22,MATCH(E13,Assumptions!$A$17:$A$22,0),MATCH(B13,Assumptions!$B$16:$E$16,0)) -> 0.1 | G13: =IF(ROUND(MOD(D13*F13,1),9)=0.5,2*ROUND((D13*F13)/2,0),ROUND(D13*F13,0)) -> 1600 | H13: =IF(B13="AHSS",D13-SUMIFS($G:$G,$A:$A,A13,$C:$C,C13,$B:$B,"<>AHSS"),G13) -> 1600 | I13: 1600 | J13: =H13=I13 -> TRUE
A14: SCOPUS | B14: EHS | C14: 2024 | D14: =SUMIFS(Usage_Base!$C:$C,Usage_Base!$A:$A,A14,Usage_Base!$B:$B,C14) -> 16000 | E14: =IF(COUNTIF(Assumptions!$A$18:$A$22,A14)>0,A14,"BASELINE") -> SCOPUS | F14: =INDEX(Assumptions!$B$17:$E$22,MATCH(E14,Assumptions!$A$17:$A$22,0),MATCH(B14,Assumptions!$B$16:$E$16,0)) -> 0.12 | G14: =IF(ROUND(MOD(D14*F14,1),9)=0.5,2*ROUND((D14*F14)/2,0),ROUND(D14*F14,0)) -> 1920 | H14: =IF(B14="AHSS",D14-SUMIFS($G:$G,$A:$A,A14,$C:$C,C14,$B:$B,"<>AHSS"),G14) -> 1920 | I14: 1920 | J14: =H14=I14 -> TRUE
A15: SCOPUS | B15: AHSS | C15: 2024 | D15: =SUMIFS(Usage_Base!$C:$C,Usage_Base!$A:$A,A15,Usage_Base!$B:$B,C15) -> 16000 | E15: =IF(COUNTIF(Assumptions!$A$18:$A$22,A15)>0,A15,"BASELINE") -> SCOPUS | F15: =INDEX(Assumptions!$B$17:$E$22,MATCH(E15,Assumptions!$A$17:$A$22,0),MATCH(B15,Assumptions!$B$16:$E$16,0)) -> 0.06 | G15: =IF(ROUND(MOD(D15*F15,1),9)=0.5,2*ROUND((D15*F15)/2,0),ROUND(D15*F15,0)) -> 960 | H15: =IF(B15="AHSS",D15-SUMIFS($G:$G,$A:$A,A15,$C:$C,C15,$B:$B,"<>AHSS"),G15) -> 960 | I15: 960 | J15: =H15=I15 -> TRUE
... A147: OXFORD_HB | B147: AHSS | C147: 2024 | D147: =SUMIFS(Usage_Base!$C:$C,Usage_Base!$A:$A,A147,Usage_Base!$B:$B,C147) -> 230 | E147: =IF(COUNTIF(Assumptions!$A$18:$A$22,A147)>0,A147,"BASELINE") -> BASELINE | F147: =INDEX(Assumptions!$B$17:$E$22,MATCH(E147,Assumptions!$A$17:$A$22,0),MATCH(B147,Assumptions!$B$16:$E$16,0)) -> 0.25 | G147: =IF(ROUND(MOD(D147*F147,1),9)=0.5,2*ROUND((D147*F147)/2,0),ROUND(D147*F147,0)) -> 58 | H147: =IF(B147="AHSS",D147-SUMIFS($G:$G,$A:$A,A147,$C:$C,C147,$B:$B,"<>AHSS"),G147) -> 57 | I147: 57 | J147: =H147=I147 -> TRUE

Sheet Checks
A1: Reproduction checks
A2: Does every rule-based value equal the value stored in RLUL_demo.db?
A3: Table | B3: Rows in database | C3: Rows reproduced exactly | D3: All match?
A4: annual_cost (36 values, 12 rows x 3 years) | B4: 36 | C4: =SUMPRODUCT((Cost_Source!G4:I15=Cost_Source!J4:L15)*1) -> 36 | D4: =C4=B4 -> TRUE
A5: counter_usage | B5: 40 | C5: =COUNTIF(counter_usage!O4:O43,TRUE) -> 40 | D5: =C5=B5 -> TRUE
A6: faculty_usage | B6: 144 | C6: =COUNTIF(faculty_usage!J4:J147,TRUE) -> 144 | D6: =C6=B6 -> TRUE
A8: Everything reproduced | D8: =AND(D4:D6) -> TRUE
A10: Faculty totals add up to platform totals | D10: =SUM(faculty_usage!H4:H147)=SUM(Usage_Base!C4:C39) -> TRUE
